id,verbatim_sentence,normalized_token_count,short_sentence,reference_like,accepted_by_validate_claims,validator_error
H0001,"counts per gene in RNA-seq, for evidence of systematic changes across experimental conditions.",13,False,False,True,
H0002,experiment [1].,2,True,True,True,
H0003,the heterogeneity of dispersion values for different genes.,8,False,False,True,
H0004,", that the gene is not at all affected by the treatment.",12,False,False,True,
H0005,"genes passing multiple-test adjustment, ranked byP value.",7,False,False,True,
H0006,"0/) applies to the data made available in this article, unless otherwise stated.",13,False,False,True,
H0007,genes with low counts.,4,True,False,True,
H0008,whelmingly long list of hits [9].,6,False,True,True,
H0009,method [4].,2,True,True,True,
H0010,estimators for dispersion and fold change.,6,False,False,True,
H0011,ing of overdispersed count data.,5,False,False,True,
H0012,able [10] as an R/Bioconductor package [11].,7,False,True,True,
H0013,to a gene in a sample.,6,False,False,True,
H0014,(GLM)[12] as follows.,3,True,True,True,
H0015,already used in DESeq [4].,5,False,True,True,
H0016,fold change between treatment and control.,6,False,False,True,
H0017,studies [15].,2,True,True,True,
H0018,gene.,1,True,False,True,
H0019,genes.,1,True,False,True,
H0020,age expression strength have similar dispersion.,6,False,False,True,
H0021,(black dots in Figure 1).,5,False,False,True,
H0022,"smooth curve, as shown by the red line in Figure 1.",11,False,False,True,
H0023,dispersion values (blue arrow heads).,5,False,False,True,
H0024,Figure 1 Shrinkage estimation of dispersion.,6,False,False,True,
H0025,Plot of dispersion estimates over the average expression strength (A) for the Bottomly etal.,14,False,False,True,
H0026,"[17] dataset, fitting only an intercept term.",7,False,True,True,
H0027,MLEs are obtained using only the respective gene’s data (black dots).,11,False,False,True,
H0028,dispersion-mean dependence.,2,True,False,True,
H0029,"For clarity, only a subset of genes is shown, which is enriched for dispersion outliers.",15,False,False,True,
H0030,but with dispersions of all genes shown.,7,False,False,True,
H0031,"MAP, maximum aposteriori; MLE, maximum-likelihood estimate.",6,False,False,True,
H0032,the final estimate.,3,True,False,True,
H0033,(Additional file 1: Figure S2).,5,False,False,True,
H0034,fit.,1,True,False,True,
H0035,result from underestimates of dispersion.,5,False,False,True,
H0036,final estimate of dispersion.,4,True,False,True,
H0037,count.,1,True,False,True,
H0038,[16].,1,True,True,True,
H0039,expressed genes.,2,True,False,True,
H0040,Figure 2 Effect of shrinkage onlogarithmic fold change estimates.,9,False,False,True,
H0041,[16] dataset.,2,True,True,True,
H0042,similar mean count and MLE logarithmic fold change are highlighted with green and purple circles.,15,False,False,True,
H0043,these genes reveal low dispersion for the gene in green and high dispersion for the gene in purple.,18,False,False,True,
H0044,than for the green gene.,5,False,False,True,
H0045,LFC estimate (horizontal error bar).,5,False,False,True,
H0046,", adjusted; LFC, logarithmic fold change; MAP, maximum a posteriori; MLE, maximum-likelihood estimate.",13,False,False,True,
H0047,over all genes.,3,True,False,True,
H0048,100 up- or down-regulated genes in group II.,8,False,False,True,
H0049,improves to 81 of 100 genes (Additional file 1: Figure S3).,11,False,False,True,
H0050,ber (pseudocount) to all counts before forming ratios.,8,False,False,True,
H0051,Hochberg [21].,2,True,True,True,
H0052,lar objective is control or estimation of the FDR.,9,False,False,True,
H0053,Figure 3 Stability of logarithmic fold changes.,7,False,False,True,
H0054,right quadrants indicate genes with a change of sign of LFC.,11,False,False,True,
H0055,1.,1,True,True,True,
H0056,"maximum-likelihood estimate; RMSE, root-mean-square error.",5,False,False,True,
H0057,often higher than the individual P values of these genes.,10,False,False,True,
H0058,null hypothesis [22] (see Methods).,5,False,True,True,
H0059,a user-specified target FDR.,4,True,False,True,
H0060,of 10% are depicted in red.,6,False,False,True,
H0061,most genes.,2,True,False,True,
H0062,ered biologically significant.,3,True,False,True,
H0063,"threshold, |βir| ≤ θ.",4,True,False,True,
H0064,threshold.,1,True,False,True,
H0065,data [19].,2,True,True,True,
H0066,assumptions of the model [24].,5,False,True,True,
H0067,for a gene.,3,True,False,True,
H0068,Figure 4 Hypothesis testing involving non-zero thresholds.,7,False,False,True,
H0069,adjusted P values.,3,True,False,True,
H0070,", adjusted.",2,True,False,True,
H0071,region around ⃗βi fit using all the samples [25].,9,False,True,True,
H0072,gene from downstream analysis.,4,True,False,True,
H0073,"the dispersion, LFCs and P values for these genes.",9,False,False,True,
H0074,[16] dataset.,2,True,True,True,
H0075,better fit to the majority of the samples.,8,False,False,True,
H0076,"genes, which show exaggerated LFCs, as discussed above.",8,False,False,True,
H0077,different samples for genes with low counts.,7,False,False,True,
H0078,mean counts.,2,True,False,True,
H0079,boring genes undergo shrinkage of different strength.,7,False,False,True,
H0080,"trols, at 2 weeks and at 2 months after the ligation.",11,False,False,True,
H0081,ReCount online resource [27].,4,True,True,True,
H0082,[16] dataset.,2,True,True,True,
H0083,Figure 5 Variance stabilization and clustering after rlog transformation.,9,False,False,True,
H0084,"f(Kij) = log2(Kij/sj + 1), and the rlog.",8,False,False,True,
H0085,"groups defined by treatment and time, while using the logarithm-transformed counts (C) produces a more ambiguous result.",17,False,False,True,
H0086,assigned to a gene.,4,True,False,True,
H0087,nate from each gene.,4,True,False,True,
H0088,cases [28].,2,True,True,True,
H0089,"for alternative isoforms in splice graphs [31,32].",7,False,True,True,
H0090,we used a combination of simulations and real data.,9,False,False,True,
H0091,"option [34], DSS [6] and EBSeq [35].",7,False,True,True,
H0092,SAMseq permutation method of the samr package [24].,8,False,True,True,
H0093,procedure [21].,2,True,True,True,
H0094,"10,000 genes with negative binomial distributed counts.",7,False,False,True,
H0095,"genes, throughout the range of mean counts.",7,False,False,True,
H0096,1.,1,True,True,True,
H0097,"precision, or the FDR, in Figure 6.",7,False,False,True,
H0098,P values used for calling differentially expressed genes.,8,False,False,True,
H0099,[34].,1,True,True,True,
H0100,compared in Additional file 1: Figure S9.,7,False,False,True,
H0101,down-weighting potential outlier counts [34].,5,False,True,True,
H0102,seen in Additional file 1: Figure S11.,7,False,False,True,
H0103,Figure 6 Sensitivity and precision of algorithmsacross combinationsof samplesize and effect size.,12,False,False,True,
H0104,see Additional file 1: Figure S9.,6,False,False,True,
H0105,Note that EBSeq filters low-count genes (see main text for details).,11,False,False,True,
H0106,file 1: Figures S12–S16.,4,True,False,True,
H0107,had higher error over all genes.,6,False,False,True,
H0108,of normalized counts).,3,True,False,True,
H0109,expression [39].,2,True,True,True,
H0110,differentially expressed genes exist.,4,True,False,True,
H0111,(46 base pairs) from male individuals.,6,False,False,True,
H0112,"five against five, and this process was repeated 30 times.",10,False,False,True,
H0113,sum of read counts across samples were excluded.,8,False,False,True,
H0114,splits were replicated 30 times.,5,False,False,True,
H0115,Figure 7 Benchmarkoffalse positive calling.,5,False,False,True,
H0116,01)under thenull hypothesis.,3,True,False,True,
H0117,01 (black line).,3,True,False,True,
H0118,4 for all algorithms.,4,True,False,True,
H0119,adjusted P value threshold.,4,True,False,True,
H0120,Figure 8 Sensitivity estimated from experimental reproducibility.,7,False,False,True,
H0121,iff 2 was used to determine the verification set calls.,10,False,False,True,
H0122,nominal adjusted P values (Additional file 1: Figure S19).,9,False,False,True,
H0123,1).,1,True,False,True,
H0124,shown in Additional file 1: Figure S20.,7,False,False,True,
H0125,sitivity plot of Figure 8.,5,False,False,True,
H0126,Figure 9 Precision estimated from experimental reproducibility.,7,False,False,True,
H0127,sensitivity of those algorithms that controlled the FDR.,8,False,False,True,
H0128,gene-level analysis of RNA-seq data.,5,False,False,True,
H0129,library assays [46].,3,True,True,True,
H0130,is provided in Additional file 1: Table S1.,8,False,False,True,
H0131,gene.,1,True,False,True,
H0132,as final dispersion estimates.,4,True,False,True,
H0133,matrix X to the gene’s count data.,7,False,False,True,
H0134,adjustment [47].,2,True,True,True,
H0135,6).,1,True,False,True,
H0136,1/μj +α .,3,True,False,True,
H0137,accepted proposals that satisfy Armijo conditions [50].,7,False,True,True,
H0138,10−6 (same approach as in DEXSeq [30]).,7,False,True,True,
H0139,"mean in many datasets [3-6,51].",5,False,True,True,
H0140,dependence of the dispersion on the mean.,7,False,False,True,
H0141,"100, the reciprocal of α0.",5,False,False,True,
H0142,dispersion.,1,True,False,True,
H0143,due to a tendency to overestimate dispersion there.,8,False,False,True,
H0144,Dispersion prior As also observed by Wu et al.,9,False,False,True,
H0145,25 .,2,True,False,True,
H0146,of prior (5).,3,True,False,True,
H0147,suitable for the gene.,4,True,False,True,
H0148,divided as usual by the scaling factor −1(3/4).,8,False,False,True,
H0149,QN(1−p/2) .,2,True,False,True,
H0150,"log(2)10,or10onthebase2scale)areexcluded.",1,True,False,True,
H0151,"sionalgorithm[56],alsoknownasweightedupdates[57].",1,True,True,True,
H0152,i = Cov(⃗βi) = (XtWX +⃗ λI)−1(XtWX)(XtWX +⃗ λI)−1.,9,False,False,True,
H0153,multiplied by 2 to achieve a two-tailed test.,8,False,False,True,
H0154,the procedure of Benjamini and Hochberg [21].,7,False,True,True,
H0155,without dispersion shrinkage.,3,True,False,True,
H0156,tion often zero counts.,4,True,False,True,
H0157,the filter statistic still holds for dispersion shrinkage.,8,False,False,True,
H0158,butions of p across the range of mean normalized counts.,10,False,False,True,
H0159,exceeds a threshold θ>0.,4,True,False,True,
H0160,of the integral is then multiplied by 2 and thresholdedat 1.,11,False,False,True,
H0161,θ =0.,2,True,False,True,
H0162,"(σ2r = (log(2))2 1000, or 1000 on the base 2 scale).",11,False,False,True,
H0163,the variance-mean trend over all genes.,6,False,False,True,
H0164,H =W1/2X(XtWX)−1XtW1/2.,2,True,False,True,
H0165,",0 .",2,True,False,True,
H0166,Bioconductor project [11].,3,True,True,True,
H0167,Experiment class of the GenomicRanges package [60].,7,False,True,True,
H0168,function of the GenomicAlignments package [61].,6,False,True,True,
H0169,and gene annotation versions.,4,True,False,True,
H0170,Count [64].,2,True,True,True,
H0171,tion of the GenomicRanges package [60].,6,False,True,True,
H0172,loaded in March 2013 from Illumina iGenomes.,7,False,False,True,
H0173,"GTF file, release 70, contained in the Illumina iGenome.",9,False,False,True,
H0174,"marking, can be found in a package DESeq2paper [66].",9,False,True,True,
H0175,"Additional file 1: Supplementary methods, tablesandfigures.",6,False,False,True,
H0176,grant from the National Institutes of Health (5T32CA009337-33).,8,False,False,True,
H0177,question of estimation biases in the dispersion-mean trend fitting.,9,False,False,True,
H0178,"Brookline Avenue, Boston, MA 02215, USA.",6,False,False,True,
H0179,"Molecular Biology Laboratory, Meyerhofstrasse 1, 69117 Heidelberg, Germany.",8,False,False,True,
H0180,"Molecular Genetics, Ihnestrasse 63-73, 14195 Berlin, Germany.",7,False,False,True,
H0181,1.,1,True,True,True,
H0182,2.,1,True,True,True,
H0183,3.,1,True,True,True,
H0184,4.,1,True,True,True,
H0185,5.,1,True,True,True,
H0186,6.,1,True,True,True,
H0187,12:31–46.,1,True,True,True,
H0188,"Bioinformatics 2007, 23:2881–2887.",3,True,False,True,
H0189,"Nucleic AcidsRes 2012, 40:4288–4297.",4,True,False,True,
H0190,"GenomeBiol 2010, 11:106.",3,True,False,True,
H0191,27:2672–2678.,1,True,True,True,
H0192,"Biostatistics 2013, 14:232–243.",3,True,False,True,
H0193,7.,1,True,True,True,
H0194,8.,1,True,True,True,
H0195,9.,1,True,True,True,
H0196,identifying differential expression in sequence count data.,7,False,False,True,
H0197,"Bioinformatics 2010, 11:422.",3,True,False,True,
H0198,"Biostatistics 2013, 14:113–128.",3,True,False,True,
H0199,"31,500-element cDNA array.",3,True,False,True,
H0200,"GenomeRes 2001, 11:1861–1870.",3,True,False,True,
H0201,10.,1,True,True,True,
H0202,11.,1,True,True,True,
H0203,"Genome Biol 2004, 5:R80.",4,True,False,True,
H0204,12.,1,True,True,True,
H0205,Hall/CRC; 1989.,2,True,False,True,
H0206,13.,1,True,True,True,
H0207,"2012, 13:204–216.",2,True,False,True,
H0208,14.,1,True,True,True,
H0209,"BMCBioinformatics 2011, 12:480.",3,True,False,True,
H0210,15.,1,True,True,True,
H0211,"Biol 2004, 3:1–25.",3,True,False,True,
H0212,16.,1,True,True,True,
H0213,"PLoSONE 2011, 6:17820.",3,True,False,True,
H0214,17.,1,True,True,True,
H0215,"Nature 2010, 464:768–772.",3,True,False,True,
H0216,18.,1,True,True,True,
H0217,Springer; 2009.,2,True,False,True,
H0218,19.,1,True,True,True,
H0219,"Bioinformatics 2013, 14:262.",3,True,False,True,
H0220,20.,1,True,True,True,
H0221,"Bioinformatics 2012, 28:2782–2788.",3,True,False,True,
H0222,21.,1,True,True,True,
H0223,"Methodol 1995, 57:289–300.",3,True,False,True,
H0224,22.,1,True,True,True,
H0225,"USA 2010, 107:9546–9551.",3,True,False,True,
H0226,23.,1,True,True,True,
H0227,"Bioinformatics 2009, 25:765–771.",3,True,False,True,
H0228,24.,1,True,True,True,
H0229,"Stat Methods Med Res 2013, 22:519–536.",6,False,False,True,
H0230,25.,1,True,True,True,
H0231,"Technometrics 1977, 19:15–18.",3,True,False,True,
H0232,26.,1,True,True,True,
H0233,"GenomeRes 2010, 20:847–860.",3,True,False,True,
H0234,27.,1,True,True,True,
H0235,of analysis-ready RNA-seq gene count datasets.,6,False,False,True,
H0236,"2011, 12:449.",2,True,False,True,
H0237,28.,1,True,True,True,
H0238,"NatBiotechnol 2012, 31:46–53.",3,True,False,True,
H0239,29.,1,True,True,True,
H0240,"Bioinformatics 2012, 28:1721–1728.",3,True,False,True,
H0241,30.,1,True,True,True,
H0242,"GenomeRes 2012, 22:2008–2017.",3,True,False,True,
H0243,31.,1,True,True,True,
H0244,"JComputBiol2009, 16:1117–1140.",2,True,False,True,
H0245,32.,1,True,True,True,
H0246,2013.,1,True,True,True,
H0247,33.,1,True,True,True,
H0248,for differential expression analysis of digital gene expression data.,9,False,False,True,
H0249,"Bioinformatics 2009, 26:139–140.",3,True,False,True,
H0250,34.,1,True,True,True,
H0251,"Nucleic Acids Res 2014, 42:e91.",5,False,False,True,
H0252,35.,1,True,True,True,
H0253,"Bioinformatics 2013, 29:1035–1043.",3,True,False,True,
H0254,36.,1,True,True,True,
H0255,linear model analysis tools for RNA-seq read counts.,8,False,False,True,
H0256,"2014, 15:29.",2,True,False,True,
H0257,37.,1,True,True,True,
H0258,"JClassif 1985, 2:193–218.",3,True,False,True,
H0259,38.,1,True,True,True,
H0260,"AnnApplStat 2011, 5:2493–2518.",3,True,False,True,
H0261,39.,1,True,True,True,
H0262,"Bioinformatics 2006, 22:789–794.",3,True,False,True,
H0263,40.,1,True,True,True,
H0264,"Nature 2014, 510:278–282.",3,True,False,True,
H0265,41.,1,True,True,True,
H0266,2013.,1,True,True,True,
H0267,42.,1,True,True,True,
H0268,"Nature 2012, 481:389–393.",3,True,False,True,
H0269,43.,1,True,True,True,
H0270,"G3 (Bethesda) 2013, 4:11–18.",4,True,False,True,
H0271,44.,1,True,True,True,
H0272,"PLoSComputBiol 2014, 10:1003531.",3,True,False,True,
H0273,45.,1,True,True,True,
H0274,42:3623–3637.,1,True,True,True,
H0275,46.,1,True,True,True,
H0276,"Nature 2014, 509:487–491.",3,True,False,True,
H0277,47.,1,True,True,True,
H0278,"J RStat Soc Ser BMethodol 1987, 49:1–39.",7,False,False,True,
H0279,48.,1,True,True,True,
H0280,"binomial dispersion, with applications to SAGE data.",7,False,False,True,
H0281,"2007, 9:321–332.",2,True,False,True,
H0282,49.,1,True,True,True,
H0283,"New York City, USA: Oxford University Press; 2001.",8,False,False,True,
H0284,50.,1,True,True,True,
H0285,"PacJ Math 1966, 16:1–3.",4,True,False,True,
H0286,51.,1,True,True,True,
H0287,model for assessing differential gene expression from RNA-seq.,8,False,False,True,
H0288,"Appl Genet Mol Biol 2011, 10:1–28.",6,False,False,True,
H0289,52.,1,True,True,True,
H0290,"NewYork, USA: Dover Publications; 1965.",5,False,False,True,
H0291,53.,1,True,True,True,
H0292,"2001, 8:37–52.",2,True,False,True,
H0293,54.,1,True,True,True,
H0294,18:96–104.,1,True,True,True,
H0295,55.,1,True,True,True,
H0296,transformation for gene-expression microarray data.,5,False,False,True,
H0297,"2002, 18:105–110.",2,True,False,True,
H0298,56.,1,True,True,True,
H0299,"Stanford University, Department of Statistics; 2006.",6,False,False,True,
H0300,57.,1,True,True,True,
H0301,"JStatSoftw 2010, 33:1–22.",3,True,False,True,
H0302,58.,1,True,True,True,
H0303,"BMCBioinformatics 2011, 12:372.",3,True,False,True,
H0304,59.,1,True,True,True,
H0305,"NewYork, USA: Chapman and Hall/CRC; 1982.",6,False,False,True,
H0306,60.,1,True,True,True,
H0307,"PLoSComputBiol 2013, 9:1003118.",3,True,False,True,
H0308,61.,1,True,True,True,
H0309,2013.,1,True,True,True,
H0310,62.,1,True,True,True,
H0311,"Bioinformatics 2015, 31:166.",3,True,False,True,
H0312,63.,1,True,True,True,
H0313,"2012, 28:2532–2533.",2,True,False,True,
H0314,64.,1,True,True,True,
H0315,"Bioinformatics 2014, 30:923–930.",3,True,False,True,
H0316,65.,1,True,True,True,
H0317,deletions and gene fusions.,4,True,False,True,
H0318,"GenomeBiol 2013, 14:36.",3,True,False,True,
H0319,66.,1,True,True,True,
