group,mutation_type,expected_class,n,accepted,rejected,observed_vs_expected,flag_n_lt_20
commit,C_39_character_hash,must_reject,10,0,10,all_match,True
commit,C_41_character_hash,must_reject,10,0,10,all_match,True
commit,C_HEAD,must_reject,10,0,10,all_match,True
commit,C_HEAD_parent,must_reject,10,0,10,all_match,True
commit,C_ambiguous_short_hash,must_reject,10,0,10,all_match,True
commit,C_branch_name,must_reject,10,0,10,all_match,True
commit,C_empty_hash,must_reject,10,0,10,all_match,True
commit,C_foreign_repository_hash,must_reject,10,0,10,all_match,True
commit,C_full_hash,must_accept,10,10,0,all_match,True
commit,C_nonexistent_hash,must_reject,10,0,10,all_match,True
commit,C_nonhex_40_character_hash,must_reject,10,0,10,all_match,True
commit,C_random_hex,must_reject,10,0,10,all_match,True
commit,C_short_hash,must_reject,10,0,10,all_match,True
commit,C_tag_name,must_reject,10,0,10,all_match,True
commit,C_uppercase_hash,must_accept,10,10,0,all_match,True
location,L_absolute_outside,must_reject,10,0,10,all_match,True
location,L_binary_file,boundary,10,0,10,observed_only,True
location,L_correct_multiline,must_accept,10,10,0,all_match,True
location,L_correct_single_line,must_accept,10,10,0,all_match,True
location,L_crlf_lf,boundary,10,5,5,observed_only,True
location,L_directory_not_file,must_reject,10,0,10,all_match,True
location,L_duplicate_code_two_places,must_accept,10,10,0,all_match,True
location,L_empty_file,must_reject,10,0,10,all_match,True
location,L_end_beyond_eof,must_reject,10,0,10,all_match,True
location,L_filename_case,boundary,10,5,5,observed_only,True
location,L_int_subclass_line_number,boundary,10,10,0,observed_only,True
location,L_large_line_number,must_reject,10,0,10,all_match,True
location,L_line_number_coercion,must_reject,10,0,10,all_match,True
location,L_missing_keys,must_reject,10,0,10,all_match,True
location,L_no_final_newline,must_accept,10,10,0,all_match,True
location,L_none_values,must_reject,10,0,10,all_match,True
location,L_nonexistent_file,must_reject,10,0,10,all_match,True
location,L_nonpositive_start,must_reject,10,0,10,all_match,True
location,L_outside_indexed_directories,boundary,10,10,0,observed_only,True
location,L_partial_excerpt,must_reject,10,0,10,all_match,True
location,L_path_traversal,must_reject,10,0,10,all_match,True
location,L_same_text_different_file,must_accept,10,10,0,all_match,True
location,L_start_after_end,must_reject,10,0,10,all_match,True
location,L_superset_excerpt,must_reject,10,0,10,all_match,True
location,L_symlink_outside,must_reject,10,0,10,all_match,True
location,L_tab_vs_spaces,boundary,10,5,5,observed_only,True
location,L_trailing_whitespace,must_reject,10,0,10,all_match,True
sentence,S_changed_case,must_reject,10,0,10,all_match,True
sentence,S_changed_punctuation,must_reject,10,0,10,all_match,True
sentence,S_duplicate_sentence,must_accept,10,10,0,all_match,True
sentence,S_empty_or_whitespace,must_reject,10,0,10,all_match,True
sentence,S_exactly_five_words,must_accept,10,10,0,all_match,True
sentence,S_extra_whitespace,must_accept,10,10,0,all_match,True
sentence,S_extra_word,must_reject,10,0,10,all_match,True
sentence,S_four_word_sentence,boundary,10,10,0,observed_only,True
sentence,S_hyphen_variants,must_reject,10,0,10,all_match,True
sentence,S_nonbreaking_space,must_accept,10,10,0,all_match,True
sentence,S_one_word_substring,boundary,10,10,0,observed_only,True
sentence,S_sentence_boundary,must_accept,10,10,0,all_match,True
sentence,S_smart_quotes,must_reject,10,0,10,all_match,True
sentence,S_unicode_composition,must_accept,5,5,0,all_match,True
sentence,S_unicode_composition,must_reject,5,0,5,all_match,True
sentence,S_word_removed_or_reordered,must_reject,10,0,10,all_match,True
sentence,S_zero_width_character,must_reject,10,0,10,all_match,True
